1飞1,1宫是命宫，首先的特质就是看重自我，一宫非常强大，如果是旺星的话，则会有自信也有能力，如果是衰星的话，就是自我意识很强，但是并不具备强大的能力，心力交瘁
1飞2,财星入命。12互飞是一个还不错的位置。如果星的分数不是那么的低分的话，1和2互飞基本上是吃喝不愁的意思，因为2宫是资粮，是代表生活的基本资料。相比而言，2妃1要更好一点，毕竟是财星入命。
2飞1,12互飞是一个还不错的位置。如果星的分数不是那么的低分的话，1和2互飞基本上是吃喝不愁的意思，因为2宫是资粮，是代表生活的基本资料。相比而言，2妃1要更好一点，毕竟是财星入命。
1飞3,如果有兄弟姐妹的话，这个人会很关注他的兄弟姐妹，如果没有兄弟姐妹的话，他很想要去做那种要讲话，要沟通，要出行的这种工作种类，或者说是人生状态。
3飞1,如果是旺星，兄弟姐妹会来帮助我，跟交通、传媒、口才方面的事务缘分好，如果是衰星，兄弟姐妹会来纠缠我，容易出交通事故，祸从口出等等。
1飞4,命星入宅。无论旺衰，都会去关照父母、原生家庭，或者说喜欢留在出生地，喜欢房产等等，对原生家庭很看重，旺星的话就会去帮助资助父母，还会喜欢投资房产，买地皮等等，衰星的话则会向父母要钱，啃老，购买房产不顺利等等。
4飞1,宅星入命。旺星的话会有强有力的父母家族支持自己。衰星会有樊胜美的妈妈那种父母来耗谢自己
1飞5,命星入桃花子女宫。①就有可能很贪玩，要去赌博，找桃花等 ②也属于恋爱脑的一种 ③若有小孩就是要照顾小孩，对小孩很上心，也喜欢小孩。所以这种最好是旺星，衰：容易吃恋爱亏，或者沉迷赌博。ps：这也可以解释有一些渣男为什么生了小孩就特别喜欢孩子，也不出去花了，参考陈老师就是这个原因。这也解释了我们之前说的切蛋糕理论，你把它占掉了，他以后其他方面就少。
5飞1,桃花入命，桃花很多。旺：桃花子女都可以帮到自己。衰：桃花子女都来找麻烦。
1飞6,命星入病宫。或多或少身体上都有点问题，或者特别关注健康方面的问题，关注工作，同时也容易从事为别人服务的工作，服务意识很强。旺：会呈现出健康、良好、细心的特点。衰：就是健康问题，社会地位低下等等。
6飞1,病星入命。这个配置呢比较麻烦，跟健康疾病有关的事物会主动到命宫来，在工作上也会被追着跑，旺星还好一点，可以增强命宫的细心和耐心，衰星就直接影响健康。
1飞7,这个配置会比较关注和关照配偶或者合伙人的动向，但是需要注意一点，关照配偶能不能得到回应和回报，这是后面才会讲的内容。旺星会给配偶带去关注资源等等。衰星会去折磨配偶，争夺配偶的资源，或者配偶本身也不旺
7飞1,对婚姻比较有利，会找到背景能力不错的伴侣，颜值也还可以的那种，婚后人生将会发生很大改变。[得吉:另一半对自己帮助较大，感情较为深厚。][受克:婚后人生会变得较为艰难。]
1飞8,会很关注金钱、投资等事物，喜欢做生意，同时对于心理学、神秘学感兴趣，注重隐私。旺性的话会容易得财，也有比较强大的心理，对于人情冷暖较为清醒。衰星的话则会有心理疾病的倾向，压力过大，无处疏解，遇到各类意外的比例会增高。
8飞1,灾星入命和财星入命。旺星：基本上都是可以带财的。灾星：会带来灾难和破财的事情。
1飞9,会往国外走，会对宗教、哲学，外国事物有兴趣，有的时候就生在国外，或者在海外定居，和父母不同国籍等等。旺星：在外地取得好运，读书考试都很好。衰星：到了外地就倒霉，读书考试不顺利。
9飞1,驿马入命。远方的朋友贸易旅游来找我。旺星：有不错的异国缘分，读书考试比较顺利。衰星：不建议接触远方的事物，鞭长莫及。
1飞10,会特别想做老板、想创业，或会找大公司去任职。旺星：创业成功率高，或者会在大企业工作，领导整体素质好。衰星：创业不易。
10飞1,权贵星入命。旺：领导老板喜欢我，权力高层帮助我，总而言之这就是大佬们很爱我。衰：被权力机关找麻烦，领导责备自己，贬低自己。
1飞11,会很看重朋友关系，会特别愿意待在一群人当中，喜欢出去呼朋引伴，一群人出去玩，就是要人多，一大群组团团购等等。旺：会从朋友团体处获益。衰：会混迹在劣质的狐朋狗友中
11飞1,友星入命。旺：朋友人脉资源可以帮到自己。衰：会有狐朋狗友来找麻烦。
1飞12,这是跟玄学有很强的关联的位置。旺：会研究玄学，做慈善，梦境丰富等等。衰：这个就要注意，很容易被灵体侵入，不能控制自己的意识，也是容易生病的位置。
12飞1,也是和玄学缘分深厚的位置。旺：灵感特别强，能力也强。衰：身体不好，睡眠不好。
2飞2,是财务比较好的一个状态，旺的话就会更好，衰的话也不会差到哪里去，至少还是有温饱保证的。
2飞3,会把钱投像传媒、交通、语言这些领域。若有兄弟姐妹，可能会把钱给兄弟姐妹去照顾他们。\r\n旺：会花的多，而且觉得钱花的有价值。衰：花钱帮兄弟姐妹也觉得价值不大。
3飞2,旺：交通、传媒、语言方面的事情，给自己带财。②兄弟姐妹来帮助自己。衰：则有可能是交通事故，兄弟姐妹来找自己要钱。
2飞4,财星入宅。花钱给父母；投资买房产，贵金属等。旺：花的多且有价值。衰：花的少，且没有价值。
4飞2,旺：父母、房产都给自己带财。衰：房产、父母需要让自己用钱去填坑。
2飞5,财星入子女桃花宫。会花钱到小孩、赌博、桃花、玩乐等等领域。旺：花的开心获得满足。衰：其实没钱可花，还在一直想花。
5飞2,旺：桃花、子女都给自己带财，娱乐业也旺自己。衰：赌博耗财，烂桃花破财，不省心的小孩破财。
2飞6,财星入病宫。旺：会花钱去学技术，或者投资到自己的一个岗位上，或者说花钱治病。衰：钱花下去都没有什么效果。
6飞2,旺：可通过技术得财、很稳定的工作得财。衰：会有疾病来耗财，或者同事，下属，保安，阿姨等耗财。
2飞7,财星入配偶宫。喜欢照顾配偶，会把钱花在配偶身上。旺：对配偶有实实在在的帮助。衰：不但不能帮助，还会让配偶觉得被掠夺。
7飞2,伴侣比较容易有钱或者比较会做生意，倾向于现实稳定的婚姻关系，婚后财运会有提升(伴侣旺你财)，婚姻也将因共同的财务及利益关系更为稳定紧密。[受克:容易产生钱财矛盾。]
2飞8,这个配置即便是旺星也是喜忧参半，特别注意风险，基本上是把钱存起来之后去做投资，做投资就有风险了，因为八宫是暗宫，进到八宫之后就有可能暗箱操作，看不见了。旺：有机会获得更好的收益，衰：基本就是财务损失。
8飞2,旺：会获得金融保险、投资方面的财衰：欠债赔款，投资失利。
2飞9,钱会花在出行、旅游、宗教、考证等方面。旺：会取得证书，获得旅行的美好体验，获得宗教的力量等等衰：则会旅游破财，被邪教骗钱，花钱考证无果等。
9飞2,旺：会有考试培训、海外、宗教方面的事物带财。衰：需要当心这一类事物引起的破财。
2飞10,旺：会投资大企业、会为了更高的权位而花钱，比较有价值。衰：会花钱到根本不会发展的行业，公司疲软无力等等。
10飞2,旺：公司给自己带财，发工资、发分红等。衰：公司的事情反而影响自己的财务，需要为此填坑。
2飞11,会为群体朋友、社群、人际交际方面花钱。旺：花的值得。衰：酒肉朋友，无效社交。
11飞2,人际交往、群体朋友、社群方面给自己带财。衰：这些人会来耗财。
2飞12,把钱花到跟玄学、慈善这种相关的领域。旺：会很受益，同时也得到了心灵的满足。衰：花的莫名其妙，甚至会有被骗的感觉，捐款到奇怪的慈善机构等等。
12飞2,玄学领域收入带财。衰星的话，各种奇怪的方式来破财，被骗的几率更高。
3飞3,旺：表达能力强，开智比较早，会很聪明。如果有兄弟姐妹，兄弟姐妹能力强。衰：盘主自身表达能力欠缺，信息沟通不顺畅，出行问题多。或者兄弟姐妹能力很弱，需要别人救济。
3飞4,三非四这个位置如果从人的角度来说，主要是描述兄弟姐妹和父母的关系，如果没有兄弟姐妹，那就是把三宫事物和四宫事物相连接。旺：兄弟姐妹照顾父母，或者盘主自己主动和父母交流沟通，电话微信不断。衰：会有不成器的兄弟姐妹叨扰父母，或者对于家族房产不断讨要。
4飞3,旺：父母会非常关照自己的兄弟姐妹。衰：父母会骚扰兄弟姐妹，或者跟盘主言语不合。
3飞5,手足入桃花宫。有时候会代表兄妹喜欢恋爱，赌博，玩乐等；极端情况会是兄弟姐妹来抢自己的恋爱对象。旺：兄妹贪玩，盘主也会用好口才去追求恋人，用语言去关照子女等等。衰：兄弟姐妹抢恋爱对象，或自己用言去伤害恋人，或者和子女感情不好。
5飞3,旺：恋人、子女表达能力好，或者他们和自己兄弟姐妹沟通良好。衰：恋爱对象对于兄弟姐妹有兴趣，或者子女表达能力堪忧。
3飞6,手足入病宫。旺：兄弟姐妹会从事技术工种，细心有耐心，或者盘主语言表达的很细心细致。衰：兄弟姐妹健康问题，社会阶层低下，辛苦劳作，或者盘主自己容易患有耳鼻喉和手足疾病。
6飞3,病星入手足宫。旺：兄弟姐妹表达能力好，但是依旧有健康问题，或者盘主自己语言表达很细致。衰：盘主或者兄弟姐妹有健康问题，工作劳苦。
3飞7,旺：主动和配偶、客户进行高效沟通。衰：和配偶口舌争端，沟通低效。
7飞3,可能是经人介绍认识配偶，配偶有可能是自己亲戚有关系认识或者同学发小等。[得吉:婚后彼此有着共同的爱好或朋友，婚姻中有不少话题。][受克:容易因兄弟姐妹影响到婚姻感情，彼此无话可说，较难沟通。]
3飞8,任何宫的人事物能飞到八宫都有一种要藏起来的感觉。旺：兄弟姐妹可能从事金融业或者心理学等等。衰：兄弟姐妹无法来到这个世上，或者存在感非常低。
8飞3,旺：兄弟姐妹会得到金融、保险、投资方面的财，或者盘主经常与人交流这一类事物。衰：兄弟姐妹因此而破财或者遭受灾祸，盘主也需要注意不从口出。
3飞9,3宫和9宫都是和学习考试有关的宫位。旺：三宫所学的知识能够应用在九宫的考试上，考试会比较顺；或者兄弟姐妹学历高，在远方等。衰：那就是学习考试运气不佳，兄弟姐妹出行不利，学历低，不宜去远方等等。
9飞3,旺：兄弟姐妹表达能力强，远方、宗教、教育等缘分会深厚，盘主的学习能力也会很强衰：盘主或者兄弟姐妹学习考试不利，不宜远行，而且容易惹上官司。
3飞10,旺：兄弟姐妹追求权力名气，盘主也会主动和领导沟通，或者因为自己的言论而出名。衰：盘主因为自己的言论而破坏事业，坏掉名声，或者兄弟姐妹名声不好，事业不济。
10飞3,旺：兄弟姐妹事业好，名声好，受到权力关照，盘主会因为领导给机会有更多的发言表达机会。衰：兄弟姐妹被权力请假，事业不济，盘主也不适合从事和三宫相关的事业。
3飞11,旺：兄弟姐妹很愿意从事群体工作，有众多追随者，盘主资深，因为口才好，人缘好，获得群众喜爱。衰：盘主说话得罪人，或者兄弟姐妹人际关系差。
11飞3,旺：兄弟姐妹人缘好，盘主也很擅长处理人际关系，获得很多人的支持。衰：盘主人际关系找口舌麻烦，兄弟姐妹也会有不少坏朋友。
3飞12,12宫是最难把握的宫位，是最看不清的行业，因此12宫能量一定要谨慎运用。同时，任何星体进入12宫都有隐藏甚至消失的意思，比八宫更加强悍。旺：兄弟姐妹灵感丰富，容易进入玄学领域，盘主口才好，喜欢学习玄学方面的事物。衰：兄弟姐妹难以降生，也容易睡眠不好，身体不好，甚至失了心智，盘主自己也容易表达混乱。
12飞3,旺：盘主玄学灵感好，适合表达玄学相关的事物，兄弟姐妹也会有类似的缘分。衰：兄弟姐妹容易被灵体侵扰，盘主语言混乱，胡言乱语，出行不利。
4飞4,旺：父母家族实力雄厚，盘主有丰厚的祖产、房产等。衰：父母家族落魄，或者父母关系不好，离异分居等。
4飞5,旺：父母很愿意照顾自己的子女，或者很热衷于出去玩。衰：父母干涉自己的恋爱、子女事务，甚至有赌博的恶习。
5飞4,旺：子女很喜欢父母，相处融洽。衰：父母风流运事多，赌博恶习、贪玩等等。
4飞6,首先要知道六宫无论旺衰，都会有健康的问题。但是三宫的兄弟姐妹不是每一个人都有，而四宫的父母则是人人都有的。所以无论六宫飞过来的新的旺衰，或者四宫飞到六宫的新的旺衰，父母都要注意健康问题。旺：父母可能从事基础工作或者很细心工作。衰：父母工作操劳，社会阶层低下。
6飞4,旺：父母会得到很好的服务，细致而耐心。衰：要注意服务人员伤害父母以及疾病问题。
4飞7,四宫和七宫的关联其实在现实中很常见，主要就是父母和配偶的关系问题。[婚姻]旺：父母很关照盘主的婚姻和配偶，甚至会资助房产等等。衰：对盘主的婚姻干涉过多，甚至去攻击消耗自己的婚姻跟配偶。
7飞4,婚姻可能是家人长辈所介绍，相亲认识，家人比较认可的婚姻。[得吉:配偶与自己父母相处较好，另一半婚姻责任感较强。][受克:会因父母的介入导致婚姻关系出问题。]
4飞8,旺：房子会有投资价值，父母也会比较擅长投资这些事物。衰：父母欠债或者卖房抵债等等。
8飞4,旺：父母会因为投资金融保险类事物而获利衰：父母意外厄运增加，房屋负债严重。
4飞9,旺：盘主自己或者父母会去远方定居买房等等。衰：父母出行不利，也不建议去远方购置房屋。
9飞4,旺：父母学历高，受到远方的缘分帮助衰：父母容易被官司纠缠，盘主的房屋也需要注意法律官司。
4飞10,旺：父母名气大，有威望，或者有官位，事业好。衰：父母事业受挫，名声差。
10飞4,旺：权贵来照顾父母，盘主买房也可以找到过硬的关系。衰：买房跟不上节奏，父母受到权贵的倾轧。
4飞11,旺：父母喜欢群体活动，有良好的人际关系，或者家族人口众多。衰：父母喜欢参与奇怪的组织，人际关系混乱。
11飞4,旺：父母获得了不少人的帮助和追随，或者自己的房屋居住的人口众多。衰：父母受到坏朋友干扰，也要注意自己的房屋被人侵占。
4飞12,有一个很有意思的点，就是房屋风水和祖坟风水，在这里我们不能摊开讲，只能点到为止。旺：，父母喜欢玄学，敏感丰富衰：父母身体健康，容易出问题，也容易被坑被骗。
12飞4,旺：父母则祖上庇佑颇多，很容易找到好风水的房子衰：父母矛盾多，房屋祖坟风水堪忧。
5飞5,旺：有利于盘主小孩的整体状况，也有利于盘主桃花、艺术等方面。衰：盘主小孩容易身体弱，不利于怀孕生育，桃花、创意思维受限。
5飞6,旺：[婚姻]子女或恋人从事服务性行业可以获利，[事业]盘主也可以做娱乐艺术类型的工作。衰：[婚姻]盘主小孩容易身体不好，[事业]做创意型工作可能会觉得非常劳累辛苦。
6飞5,旺：可以从事创意类、艺术类的工作，可能跟同事谈恋爱。衰：盘主的小孩容易疾病缠身，容易劳累，盘主自己恋爱辛苦，恋人有健康问题。
5飞7,旺：盘主和婚姻伴侣相处较为愉快，孩子对伴侣好，相处融洽。衰：盘主与伴侣相处不愉快，心有余而力不足，孩子和伴侣容易有隔阂。
7飞5,伴侣可能是自由恋爱或者玩乐时认识，恋爱前期很有激情，容易奉子成婚，另一半可能个性较为孩子气，或是喜爱艺术。[受克:会因孩子的问题影响婚姻，还要小心婚姻中出现第三者。]
5飞8,不太容易受孕，生小孩会晚。旺：恋爱对象和小孩喜欢心理学、炒股、金融等，并且盘主本人可以适当投资。衰：盘主不利于投资，盘子如果做金融投资容易心有余而力不足。
8飞5,旺：子女容易和心理学、金融投资有缘分，并因此而获利，盘主本人也可因此而获利。衰：子女容易有风险或者意外，需要规避金钱以及身体方面的风险。
5飞9,旺：小孩喜欢出国，或者学历高，求知欲强，或者与宗教、哲学有良好的缘分。衰：不利于小孩出国或考运出国旅游，体验容易不佳。
9飞5,旺：有利于异国或者异地缘分有利于子女高学历或者外出。衰：子女需要注意法律官司问题，盘主本人也需要注意恋爱投资方面的官司纠纷。
5飞10,旺：①子女追求权利地位，并容易有良好的结果。②盘主容易和上司发展恋情，并有愉快的体验。衰：子女事业追求心有余而力不足，自尊心强，要面子。
10飞5,旺：①上司领导容易对子女很关照，子女事业好。②盘主容易和上司发展恋情，上司主动追求自己。衰：上司和自己恋情不利自己，子女容易受到领导的拖累。
5飞11,旺：①桃花旺，异性缘好，恋爱次数多，并且体验愉悦。②孩子有理想追求，喜欢大团体。衰：会出现恋爱出轨/劈腿，俗称熟人挖墙脚。影响 papapa 和或者堕胎/生育困难
11飞5,旺：①容易被很多人追求，而且质量不错；②小孩人缘好衰：①朋友多，但是容易很多小人；②桃花质量不高。
5飞12,旺：不太容易受孕，生小孩会晚。①容易地下恋情；②小孩对玄学有一定领悟力衰：需要注意流产以及地下恋、婚外恋。
12飞5,旺：①容易被别人暗恋，②孩子带有特殊的缘分。衰：①需要注意流产；②暗中的或者心思不正的烂桃花。
6飞6,六宫是工作宫及病宫。旺：服务意识强，勤奋，有利于所学技能技术更加精进。衰：容易身体体质不好，不喜欢劳动，或者付出与收获不成正比。
6飞7,[事业]你可能会与别人一起合作开创事业，或者是与同事一起合作开公司。[婚姻]配偶有可能是因为工作上的关系而认识的，或者配偶可以在工作方面提供自己一些助力。[婚姻]旺：配偶有一技之长或者喜欢医疗服务类的工作。衰：伴侣身体不好，不适宜劳动，容易辛苦，工作不积极。
7飞6,与另一半感情的开始可能与工作有关。感情中可能存在着一方尽力照顾另一方的关系。[受克:配偶身体健康不良，要注意保养。]
6飞8,旺：炒股投资理财很认真很谨慎，有利于财运，对神秘学感兴趣，并且认真学习。衰：容易因工作劳累过度或者身体虚弱造成意外疾病，需要注意身体健康。
8飞6,（pass）旺：对一些意外疾病有化险为夷的作用，投资或者理财认真谨慎。衰：容易身体方面有意外疾病或者危险，投资理财炒股容易辛苦，付出回报不成正比。
6飞9,旺：有利于在外地工作或者做和旅游、教育、国外法律等相关的工作。衰：行不利于外出工作，容易因工作而产生法律纠纷，容易和下属产生官司，出国远行、考试容易辛苦疲劳。
9飞6,旺：有利于从事旅游、外地、外国法律、教育相关的工作。衰：容易因为工作有官司，或者和下属有法律纠纷，考试出国容易心有余，力不足。
6飞10,（pass）旺：有利于从事服务、医疗行业工作，有利于辅助领导。（pass）衰：事业追求容易有心无力，和领导关系有隔阂。
10飞6,[事业]旺：领导对自己的工作生活比较关照，事业容易和服务、医疗、技术、技能方面有关。衰：和领导关系容易有隔阂，比较疲惫，容易对公司单位发展不利。
6飞11,旺：盘主工作容易服务大众，而且人缘广，有利于互联网技能学习。衰：容易处理不好人脉、人际关系，互联网学习受阻，辛苦。
11飞6,旺：工作人脉人缘广，工作环境中有很多人。衰：工作方面容易招惹很多小人，处理朋友圈关系容易疲惫。
6飞12,旺：喜欢学习玄学、心理学、医学等，并可以有较好的领悟力，工作也容易与此有关。衰：身体容易不好，学习玄学、心理学容易疲劳。
12飞6,旺：工作容易得到他人的暗中帮助，或者得到来自灵性能量的照佛，有利于灵性疗愈方面的养生。衰：容易有暗疾缠身，工作生活中容易招小人。
7飞7,伴侣颜值不错，表现欲强，性格强势，属于很容易受关注的一类人。也有利于你与人合作，会得到合伙人的帮助，可以获利。[受克:命主容易在婚姻里妥协委曲求全。]
7飞8,[得吉:配偶偏财运不错，也能为命主带来财富，配偶容易从事公检法类的工作。][受克:另一半较易发生意外灾祸，尤其是在财务上面，可能会产生债务问题。此时还应注意与工作伙伴或是合作方的合作及契约关系，容易造成经济损失。]
8飞7,旺：有利于伴侣投资或得意外之财，伴侣经济条件好衰：伴侣经济条件受限，同时也不利于他进行投资，伴侣容易有钱财或者身体方面的意外情况。
7飞9,可能找到一个比自己条件能力物质好的伴侣，或者伴侣容易当高等学院的老师教授，或做贸易旅游，你们可能会通过伴侣的弟弟妹妹认识或者是你们是大学同学。异地恋或是跨国婚姻的可能性较大，在婚姻中的某段时间会异地分离。
9飞7,[事业]旺：盘主可以从事法律咨询类型的工作或者旅游咨询，与宗教和国外事务有良好的缘分，[婚姻]也容易在外地或者高等学府遇到自己的伴侣人选等。衰：容易被官司找上门，遭遇法律纠纷等。
7飞10,另一半有事业心，追求建功动业，或者你喜欢事业型的伴侣。婚姻状态多是会“秀恩爱”的类型，即喜欢对外展示自己的另一半和婚姻情况。[得吉:将因婚姻提高自己的社会地位。][受克时:则反因婚姻影响自己的名誉。]
10飞7,旺：盘主的领导或者公司权力单位等会对伴侣很关照，并为其带来资源，同时盘主也容易受到来自上级或者权威者的合作机会。衰：领导或者公司权力单位等容易找伴侣麻烦，盘主合作容易被权力者施压等
7飞11,伴侣可能通过聚会或者网上认识，伴侣的社交能力强，也有概率找有过婚史的伴侣，也容易聚少离多，婚姻中容易出现第三者。
11飞7,旺：会有很多桃花来追求伴侣，伴侣的桃花很旺，盘主与人合作能够收获很多资源人脉。衰：人际圈子里有很多小人烂桃花来追求伴侣，严重时会影响盘主的婚姻，不利于盘主与人合作。
7飞12,另半是较有爱心，喜欢帮助别人。婚姻中容易遇到暗中恋情，一段恋情到快要结婚时候谈崩了。伴侣可能还会有法律上的纠纷，也有可能配偶健康状况不佳，或是婚姻中容易发生外遇。
12飞7,旺：伴侣在玄学、心理学方面容易有天分，悟性比较好。衰：伴侣容易招惹小人，影响婚姻，伴侣身体容易有暗疾，或者盘主与人合作合伙，容易招惹小人。
8飞8,旺：首先盘主抵抗风险的能力很强，可以通过投资赚钱，对神秘学很感兴趣，领悟力较好。衰：不利于盘主的投资行为，容易亏损或者债务问题。
8飞9,旺：有利于盘主对宗教和神秘学的悟性，追随不错的老师，也有利于盘主投资旅游业或者国外的产业。衰：不利于国外投资，容易有亏损或者债务问题，同时也很有可能会把钱送去给一些奇怪的宗教组织。
9飞8,旺：盘主容易有来自国外的金融资源、旅游业和国外的投资事务会来找自己，同时有利于盘主的神秘觉悟性，会遇到不错的老师。衰：容易牵扯进金融财产官司，产生法律纠纷，也不适合在国外投资。
8飞10,旺：盘主可以从事金融投资，追求权利、名誉地位，同时也有利于投资大的项目。衰：盘主容易有花钱买权利的倾向，但是适得其反，不仅得不到权利，还会损失金钱、投资等。
10飞8,旺：权利、行业领导等可以给你带来很多金融资源，你会得到权威者财务上的帮助，投资上的建议等。衰：盘主容易滥用私权，在看不见的暗处，同时也不利于金融投资，会由于行业风向变化而投资失利。
8飞11,旺：盘主适合投资群体性产业，比如互联网、大型企业、劳动密集性产业等，也有利于金融财富的累积和拓展衰：通过群体性产业则风险很大，容易亏损，也容易陷入多人的债务纠纷，比如三角债等等。
11飞8,旺：群体性产业，比如互联网、大企业、劳动密集型产业投资等给盘主带财，可以通过很多人参与的团体为我而获利。衰：盘主投资的钱容易被多人分散，朋友坑钱，导致投资失败。
8飞12,旺：盘主容易投资一些地下的看不见光的产业，也容易投资心理学或者医学、药学等产业，包括慈善等，甚至直接投资建设医院、福利院等。衰：盘主投资的钱容易打水漂，落进小人口袋，投资失败。同时需要特别注意防骗，这是一个非常容易被骗钱的配置。
12飞8,旺：盘主可能通过地下产业或者医学、慈善方面的投资赚到钱，赢得资源，同时有利于盘主的神秘学、玄学领悟力，这方面的财路也会过来找盘主。衰：会有不少小人影响盘主的投资决策行为，使得投资失败，同时更有可能因为金融问题而招来牢狱之灾等等。
9飞9,旺：盘主的外交能力好，有利于他升学出国，与宗教的缘分很深。有可能皈依某个宗教，也很喜欢旅游，旅游的体验好。衰：盘主不利于出国外交，不利于考试运与旅游运，宗教也会带来一些不良的体验。
9飞10,旺：你可以通过与国外相关的事物获得权利，比如外交官或者做与国外教育、法律等相关的事为事业。衰：你的事业很容易有法律方面的纠纷，或者因此而破坏了名声，同时也不利于出国或者去远方发展自己的事业。
10飞9,旺：领导或者公司支持自己出去读书深造、旅游、外交等事宜，事业追求与旅游、教育等有关。衰：容易因为权力、领导等惹烧官司、法律纠纷，不利于个人名誉与事业发展。
9飞11,旺：盘主容易参加宗教团体、教育团体、旅游团体等等，或者从事互联网教育类的事务。衰：会容易因为群体性活动而产生法律纠纷，比如聚众或者邪教团体犯罪等。
11飞9,朋友圈中可能有人到国外定居，或者朋友拉着自己去远方（海外）。你也比较有机会去国工作和外旅。旺：会吸引团体人群和自己一起学习、培训等等，也容易进入人数众多的大型高校。衰：容易聚众参与宗教事务，但是对自己不利，容易聚众惹上法律纠纷。
9飞12,旺：非常有利于对于宗教人性观念的思索，玄学领悟力也很强。衰：不利于出国、法律等事务，在出行、留学、旅游中容易碰到小人，也容易误入邪教组织。
12飞9,旺：有助于玄学、宗教方面的领悟力，灵性的思考，求学有贵人帮助。衰：在出行出国方面会遇到法律问题，很容易招惹小人，也容易在出行途中遇到危险。
10飞10,旺：非常有利于个人事业、名誉、社会地位的发展，盘主容易有声望、有权利，或者容易在有名气的大企业工作，或者就是一个政府工作人员。衰：事业发展受阻，追求名誉地位有心无力，领导无能或者不关照自己。
10飞11,旺：非常有利于盘主的事业、公司的发展、财务、投资理想等，事业容易往互联网大规模方向去拓展，客户数量也比较多，衰：公司或者事业发展有心无力，拓展方面的业务受阻，无法让更多的人知晓自己的企业。
11飞10,旺：非常有利于公司财务，盘主事业容易和互联网、大规模的企业有缘分，对事业发展也非常有利。衰：盘主的事业容易被多人或者团体拖累，不适合经营大公司，做事情有心无力。
10飞12,旺：盘主会从事地下产业，慈善或者偏门行业，或者以玄学为业。衰：盘主的事业容易不顺，遇到小人或者接触灰色产业，不利于自身的长期发展，领导会给自己小鞋穿。
12飞10,旺：盘主事业容易得到暗中的贵人帮助，或者盘主事业容易和玄学灵性疗愈有一定联系，且能做的比较好。衰：盘主事业容易遭小人，甚至有是非纠纷和牢狱的风险。
11飞11,旺：盘主人缘多半会比较好，人际关系好，群众基础好，获得支持的力度广，事业方面呢，适合做互联网大型企业相关的事物。衰：盘主人员不佳，容易处理朋友圈事物，有心而无力，还容易碰到各路损友。
11飞12,旺：盘主贵人多，灵感强，人脉圈子中有很多喜欢玄学、心理学、医药方面的人。衰：盘主要特别注意，加入组织团体后很容易遇到小人，甚至是暗中的危险。
12飞11,旺：盘主有不少关于玄学、心理学方面的朋友，而且可以帮助到自己，或者通过网络从事慈善。医学心理学的活动。衰：盘主在公司组织团体中，各类群体活动中都容易遇到小人，朋友圈容易招惹小人。
12飞12,旺：会特别有利于玄学、心理学、灵修方面的领悟力，内心潜意识能量大，梦境多且寓意深刻。盘主会喜欢慈善活动，各类玄学学习等。衰：容易招惹小人，身体状况不好，睡眠不好，容易被灵体侵袭，严重的情况下需要注意精神方面的问题。
太阳1宫,第一宫代表自我，太阳在一宫正面时，会给这个人强大的意志力、信心，乐观而快乐，会有一个快乐的体魄和童年。例如我们屏幕上这个案例，盘主其实自身经受了不少关于婚姻感情的打击，但是还是非常坚强乐观。,如果是负面特质，则表现出专制、蛮横、浮夸的特征。这个位置不管正面负面，都可能代表着父亲，对自己影响巨大。命宫里的星体都值得深入研究，等到中高级课程，我们学习了飞星之后，也会知道这个太阳指代的是哪一个宫位，就可以更加深入的了解宫位组合的含义了，这才是真正的人生连续剧大幕拉开。,
太阳2宫,正面的时候有着稳定的财务收入，殷实的生活，安逸的财务状态，负面的时候会浪费钱的趋势，甚至会爱慕虚荣而导致耗费掉自己的储蓄。
太阳3宫,正面会乐观而通容，聪明，逻辑性好，喜欢出门旅游，负面的时候语言上会有强势。这个位置无论正面负面，都展示出和兄弟姐妹关系的重要性，至于是好是坏，还是要看个人。
太阳4宫,正面的时候会体现和原生家庭出生地联系紧密，晚年生活比较平顺，负面则是家庭关系疏远，部分人会离开家乡发展。这个位置无论正负都会体现出一种对房地产行业的兴趣，做的好坏要另说。我们也可以看一下屏幕上这个案例，这位盘主是一位女性，现如今算起来应该已经年过四旬了。太阳射手在四宫，因为射手的缘故，她一直想要离开出生地国内的某个三线城市，但是就是无法成功，各种各样的因素限制了他。
太阳5宫,正面的时候很有人缘，桃花旺，比较风流，子女众多，如果是负面的话，则会耗出风头，各种烂桃花等等，这个位置无论正负也都是和子女缘分很深的。至于是讨债的还是报恩的，还得综合评定。
太阳6宫,正面的时候工作能力强，组织能力强，在服务性行业会取得不错的成绩，负面的时候工作效率低下，还会影响健康，或者有整天喜欢充当领导的下属或同事。此外，这个是太阳入病宫，本身无论好坏都会对父亲的身体健康产生影响，具体结果要看太阳的旺衰，同时也预示着父亲或者的操劳，或者从事体力劳动。
太阳7宫,正面的情况会有一个强有力的伴侣，婚姻宫被照亮，如果是负面特质体现，则会有一个糟糕的伴侣，死要面子还不认输。你很容易和别人发生较亲密的情感交流而获得忠诚的友谊以及贵人相助。婚姻在你的生命非常重要，太阳相位良好时，你的伴侣和你拥有持久的情感。如果相位不佳，可能会喜爱控制他或被他人控制，而你也多半习惯强迫个人意志在他人身上。
太阳8宫,这里是一个暗宫，由于太阳的发光体的属性，因此进8宫，光芒被遮蔽，吉性会减损，活力受到限制。正面的时候会体现出低调，不爱出风头，默默做事的优点，还有可能会从伴侣那里获得财富或者财运很好。负面的时候则在于父亲自小远离自己的生活，严重的时候父亲早逝，且自己财运不佳，容易欠债。这个位置也会表现出对心理学和神秘学的喜好。大家可以看一下这张盘，就是小时候父亲不在身边的盘，很小，父母就分开了。这里的日月对冲又多了另外一重参考。
太阳9宫,正面的时候，这是从事法律、正统、宗教、旅行方面的好位置。国外缘分很重，也有成为教师的潜质，负面的时候会成为狂热的宗教徒，分不清现实，在高考、考研、留学等高等教育道路上困难颇多。
太阳10宫,正面的时候就可以说出一个很好的位置了，可以证明自己的价值，获得社会的普遍认可和成就，成为领导或者领袖。负面的时候会有不好的名声，虚张声势，有恶劣无能的领导等等。这个位置无论好坏，都特别容易沾染政治事务，和政府打交道。
太阳11宫,正面的时候会让自己的理想得以实现，也很容易得到朋友的帮助，引导能力不错，负面的时候会有不少打肿脸充胖子的朋友给你挖个坑，这个位置无论好坏，都很容易从事群体组织工作。
太阳12宫,太阳又来到另一个暗宫，这个位置，太阳的吉性也会减损，父亲的情况可以说比八宫还要糟糕，有父亲可能不在孩子身边，早逝坐牢等等，比如这个例子，就是父亲因为涉黑而入狱多年，因为12宫本身也有囚禁的意思，如果体现好的一面，就是和玄学有缘，灵感特别好，
月亮1宫,这个无论正面负面都是一个情绪敏感的位置，因为月亮自身的敏感性，直接坐进了命宫，这个人就会自带月亮的特征，只不过在月亮好的时候比较没有破坏性，顶多看看连续剧，跟着掉两滴眼泪。如果月亮差的时候，基本上就是一哭二闹三上吊，上吊的方式大家可以参考月亮落我的星座，例如月白羊就是要上天入地和你打架，月天蝎则会慢慢的等待报复你的机会，大家同归于尽。这个时候我们可以理解为月亮这个蛋糕由于落到了命宫，那么你就占了一大块，能分到母亲那里的就少多了。大家发现没有，讲到这里，我们的分蛋糕理论也有了用途，如果月亮落在四宫，由于四宫是父母宫，因此这个时候的月亮特性会分给母亲比较多，同学们一定是不能学死了的，一定要把前后的知识点联系起来。这里也向大家重申，我的课程是没有废话的，全是干货，就看大家的消化能力了。
月亮2宫,这是一个不错的位置，正面的时候会生意头脑灵活，适合从事跟女性相关的工作，事物比较慷慨不小气，物质和情绪上都比较满足，负面的时候会代表各种原因存不下钱，财运上的跌宕起伏等等。大家可以看屏幕上这个案例，月天蝎落陷在二宫，其实盘主也算是很努力的赚钱，前前后后在娱乐业、影视业、奢侈品业等都勤奋工作过，但是一直财务不稳定，各种各样的原因存不下钱。
月亮3宫,正面的时候会体现出能言善辩的特征，而且语言上安慰的比重比较高，给人温暖的感觉，记忆力好，念旧。如果是负面特征的话，只会在语言上呈现出尖酸的特征，说话总是话里藏话，矫情造作。这个位置也是兄弟姐妹缘分深的位置，父母也会比较关照他们。
月亮4宫,正面的时候，非常会照顾人，爱家人，爱父母，家庭温暖和睦，负面的时候，家庭内部糟心，尤其是因为女人的事情，不管是自己的母亲还是外部的女性，例如婆婆啊，岳母啊，婚外情等等，这个位置也代表了母亲比较宅，不喜欢出门，不喜欢去外地。
月亮5宫,这个位置正面的时候，会展现出强有力的生育能力，非常容易怀孕。也很喜欢照顾孩子，负面的时候感情方面会有纠缠自己的女性，男性的星盘就直接呈现为烂桃花，明明没有怎样却要死要活的那种纠缠。女性星盘中会受孕困难或者孩子能力不足。
月亮6宫,这个跟太阳的情况一样，是月亮做病宫，自己或者母亲容易健康问题，或者容易操劳，正面特质的时候会特别会做家务，手宫等等，也有很好的下属，负面的时候则会遇到很差的下属和同事，自身也比较容易情绪抑郁。我们可以看屏幕这个盘，这是女盘，月亮天蝎落现在六宫，是严重的女性癌症患者。
月亮7宫,正面的时候会很善于处理和伴侣的关系，关怀照顾对方，情感敏锐而细腻。如果负面的时候，则会有一个能力不强或者说特别多愁善感的伴侣，耗费自己的心力，也代表了婚姻的不顺。
月亮8宫,结合我们上面提到的，月亮的光芒也被遮蔽了，所以呈现出一种不安全感，就像一个小孩被关进的小黑屋，更进一步加深了他的恐惧心理。正面的时候会进行深层的心理思考，会有机会获得伴侣的财富，或者进行稳健的投资，负面的时候则会精神不安，财务出现问题，这些也都可能体现在母亲身上。
月亮9宫,这个位置，正面特征的时候，可以说是当老师的好位置，既能讲清楚知识，又能照顾到学生的情绪，具有高远的志向，爱好旅行，如果是负面的话，则有可能考试不顺，生活漂泊不安，好动。我们可以看屏幕上这个案例，月亮金牛在九宫就职于全国闻名的一所中学，是当地知名的英语教师。
月亮10宫,这也是一个很不错的位置，正面的时候容易从事跟女性相关的行业，也很容易受到别人的瞩目，而且这一类人是比较看重民生和名气的，对这些是有追求的，负面的时候会因为女性的事物而名誉扫地，和女性领导相处不融洽等等，也需要控制好自己的野心，不要过于关注无意义的名称和面子。
月亮11宫,这个位置，正面的时候交有广泛，而且对朋友很好，会照顾朋友的感受，有着和谐的人际关系。负面的时候会有虚伪的朋友，假装关心自己，实则利用，而且情绪上特别容易受到朋友的影响。
月亮12宫,受到暗宫的遮蔽影响，一般来说这类人会比较内响，害羞、敏感，不太表达自己的感情，喜欢隐居的生活，也很容易受伤。正面的时候呢，很会保守秘密，特别会照顾病人，负面的时候就很容易抑郁，胡思乱想，最终分不清现实和梦境，这也是容易触发精神疾病的位置，大家可以看一下屏幕上的案例，月亮巨蟹在12宫盘主心思细腻，非常非常内向，但是很细心，很会照顾别人，虽然被天王海王所冲，但是月亮妙望也还能挺得住。
金星1宫,我们称作金星入命，又由于金星是天然的桃花星，所以我们又称作桃花入命。但是桃花入命除了这种，还有另外一种飞星也被称为桃花入命。当金星入一宫正面的时候，会展示出金星美貌的特征，社交能力强，喜欢打扮，也会打扮。桃花多，而且质量普遍不错，负面的时候也会爱美，但是不擅长打扮造型有失分寸，虚荣心强，桃花也会有，但是质量不好，普遍烂桃花。
金星2宫,正面的时候挣钱不费劲，也会经由金星相关的领域挣钱美容美发。配合一些凶星，吉相位的时候甚至可以是整容等等，负面的时候会由于买买买而浪费金钱，部分凶相位的时候会带来桃花破财，或者因为感情的事情浪费金钱等等。我们可以看一下这个案例啊。金星双鱼入二宫是妙旺的盘主，非常美貌，而且挣钱一直都不太费劲，收入在国内一线城市也算是可观的。
金星3宫,正面的时候会有不错的口才，沟通和谐，兄弟姐妹也会生的比较好看，学习不费力，学习过程愉快。负面的时候呢，会说一些空洞华丽的词藻，并没有实际的意义，学习能力也堪忧。有的时候兄弟姐妹会有浮夸浪费的特征。
金星4宫,正面的时候会有温暖和谐的家庭关系，家庭内部装饰也具有美感，舒适华美，也非常适合做室内设计、装饰等方面的事物。负面的时候，家庭关系堪忧，房地产会有亏空的问题，或者华而不实，租来的房子为了虚荣非要说是买的等等，父母双亲也会有类似虚荣的问题。
金星5宫,正面的时候呢，桃花的属性和武功的桃花属性二和一了，会特别利于桃花感情的发生和进展，非常幸运而浪漫，艺术才华很高，具有天分，而且也容易多子，容易怀孕。负面的时候是遭遇烂桃花的重要位置，一定要小心谨慎，切不可相信渣渣们的鬼话，同时也不容易受孕，容易流产，滑胎等等。
金星6宫,六宫是奴仆宫和疾病宫，因此金星会有点受累。但是无论正面负面都很容易在工作场所中遇到桃花。正面的时候呢，工作效率高，会有比较舒适时尚的工作环境，工作关系和谐美妙，可以在服务性行业中获得较大的肯定。负面的时候，工作关系就像是宫斗剧，劳心劳力，同时特别需要注意各类女性疾病，男性则需要注意办公室绯闻影响工作。可以看屏幕上这个案例，金星水平在六宫，本身虽然没有落线，但是被上下庙望月亮行客，被木星行客，因此在感情中特别劳累操心。
金星7宫,[婚姻]正面的时候会有长相很不错的伴侣，喜欢打扮也会打扮，或者个人能力不错，尤其是社交能力，自己在挑选伴侣的时候也是外貌协会的。负面的时候，伴侣个人能力堪忧，虚荣，这个也是婚姻问题的烂桃花配置，尤其女盘需要谨慎，
金星8宫,这是一个赚钱的位置，正面的时候会带来良好的投资运势，但是由于金星周期短，体量小，因此建议短线操作，同时兼具金星相关的行业和领域，例如网红业，服饰美容等等。负面的时候投资前容易打水漂，而且八宫是暗宫，也是一个暗桃花的位置，很容易遭遇各类感情危机和桃花问题。我们可以看屏幕上这个案例啊。男盘金星落陷在八宫，一直财务非常不稳定，年金40也没有实现财务的合理安排，而且感情状况也是问题多多。
金星9宫,正面的时候特别利于相关专业的读书考试，艺术类，时尚设计类或者是化妆美辰等等，也会去到风景秀丽的地方旅行或者移民。且金星在九宫的时候，浮华的感觉最弱，反而体现出超然脱俗的美感。负面的时候呢，贪玩而不爱学习，读书容易耗尽能量，在一些无意义的打卡旅行中，部分严重的会遭遇法律纠纷，甚至是为了奇怪的宗教信仰而付出。
金星10宫,这是一个美丽而荣耀的位置，正面的时候很容易因为美貌而出名，或者通过交际能力、公众活动而获利。结合这种特征啊，这几乎是做明星和政客最合适的位置，或者会从事和金星有关的行业而大获成功。负面的时候，首先事业不容易成功，部分人会有男女关系的绯闻缠身，名誉受到损害。
金星11宫,正面的时候会有机会加入到和谐友善的群体，对于各种社群关系的经营会很上心，负面的时候会在友情和爱情中分不清情况，导致混乱的人际关系，自己的婚姻伴侣关系也会因此而备受考验。
金星12宫,这又是一个桃花进入暗宫的位置，正面的时候会有很不错的灵感，也很能好好的保护自己的感情，负面的时候则会陷在无意义的感情中无法自拔，做无意义还自以为很伟大的爱的牺牲。是一个被感情束缚的位置，也是一个金屋藏娇的烂桃花位置。
火星1宫,正面呢，会精力充沛，充满干劲，积极进取，自身带有明显的冲劲，适合开拓性的工作。负面的时候，要么是躺着不动，要么就是毫无章法的前进，横冲直撞，浪费自己的精力。
火星2宫,由于火星的风力和进攻性，所以进入财宫的时候会比较有挑战性，正面会进财特别快且猛，而且也不容易储蓄，会很快花出去，节奏很快。建议从事进出账流水节奏很快的行业，例如快速消费品市场，负面的时候是花钱很快，还挣不到钱，铺张浪费，一定要克制自己的消费欲望，部分人甚至会在sex问题上花钱解决。可以看一下屏幕上这个案例，这是我们上节课讲过的月亮落线入二宫的案例，但是这里还有一个愿望的火星在二宫，所以挣钱其实不少，但是花钱也很快。
火星3宫,正面的时候呢，说话激情昂扬，直来直去，切中要害，学习力强劲，喜欢四处短途旅行，兄弟姐妹也会精力充沛。负面的时候，说话不经思索，不考虑后果，只图自己嘴巴痛快，会伤害别人，有的人兄弟姐妹没有机会来到这个世界上。
火星4宫,正面的时候呢，家庭关系充满活力，父母亲爱好运动，负面的时候，家庭关系不和谐，争执吵架，甚至会有家庭暴力，居住环境破损严重。我们可以看屏幕上的案例啊，火星在天平落陷在四宫，盘主的父母一直非常不和睦，盘主成年后母亲甚至就开始离家出走，一直以来居住环境也非常恶劣，常年漏风漏雨，非常辛苦。
火星5宫,会有激情四射的恋爱关系，桃花丰富，也非常容易怀孕，但是要注意保胎。喜欢艺术，对孩子有无穷的经历，负面的时候烂桃花一堆，总是有不合时宜的感情和子女事物，甚至会因为意外怀孕的事情而造成严重的后果。
火星6宫,这是一个工作狂的位置，正面的时候工作效率高，喜欢一鼓作气把事情做完，不喜欢拖沓，也不喜欢长线工作。好动且有竞争性，负面的时候呢，懒惰不肯动，需要被催着完成工作，健康方面也需要注意，不注意的话，小毛病会拖成大毛病。
火星7宫,这个位置又是一个挑战的位置，正面的时候呢，配偶精力充沛，执行力强，但是相处过程中也不可避免的出现争斗，负面的时候会在两性关系中无理由的好斗，纠缠，或者直接就是对方呈现出这种特征，实在是有点累人。
火星8宫,正面的时候对挣钱充满了渴望，但是没有足够的耐心，所以还是建议走短线，快进快出，积少成多。负面的时候不建议进行风险投资，会产生大坑，同时也要管理好自己的下半身，不要引起大麻烦。我们可以看屏幕上的案例，火星庙旺在天蝎，落在八宫，盘主供职于大型金融企业。被土星行克，可是土星也是妙旺的，参考星体能量博弈理论，这是两个君子的摩擦，消耗有限。
火星9宫,正面的时候会特别喜欢到处旅行，也热衷于各类考试和证书，部分人积极参与各类宗教事务，并且对于批评的声音很敏感，反应强烈。负面的时候学习能力不足，不喜欢出门，或者出门就会遇见奇怪的事情，法律方面事物问题多。
火星10宫,对于权力和名气有着极强的渴望，也希望为此付出努力。正面的时候呢，积极参与社会活动，增加曝光度等等，负面的时候呢，会为了权威而不择手段，野心过大而无法控制。我们可以看一下这个屏幕上的案例。和我们上面金星入二宫是同一张盘，火星妙旺在天蝎10宫，视野非趁，虽然受到了金星和月亮的星客，但是由于火星非常强旺，这两颗星无法与之抗衡，而且本来凶星强旺就比吉星强旺，能量要来的猛，好比一个全副武装的雇佣兵，杀伤力其实要比同样装备的正规军要猛，因为他们性格更为暴烈。
火星11宫,这是一个特别热衷于群体活动的位置，正面的时候会是某个群体的活跃分子，领导大家，负面的时候不考虑集体利益，会有自私的倾向。
火星12宫,正面的时候会在暗处使劲，韬光养晦，不露锋芒，但是也容易受到消极情绪的影响而瞬间偃旗息鼓，这个毕竟是凶星落凶宫，负面的时候会有不道德的行为和心思，压抑内心的暴力想法，如果不加以控制，会引起很多问题。
水星1宫,正面的时候呢，能言善辩，灵活性极高，充分证明了什么叫见人说人话，见鬼说鬼话。负面的时候容易祸从口出，立场不坚定而随意表态，或者干脆为了当下的形式而说谎，但是其实是饮鸩止渴，得不偿失的行为。
水星2宫,正面的时候，会因为说话、表达、演讲、写作、交通等事物而得财。也是做销售的好位置，负面的时候会因为错误的表达而赔钱，为自己的言论买单。我们可以一起看一下屏幕上的案例，水星落陷于射手，落在二宫，本身这个位置已经占了二宫和三宫，但是还好水星没有被其他凶相位伤到，因此只是赚不到钱而已，而且也选错了行业，因为盘主从事了和语言培训有关的行业。
水星3宫,正面的时候口才极佳，学习能力强，多才多艺，负面的时候会口若悬河的说很多无用的话，自己无法控制。
水星4宫,家庭沟通顺畅和谐，充分交流，父母也比较看重教育的力量，负面的时候，家庭沟通障碍重重，还容易产生各类口角。我们可以看到屏幕上的案例，水星在天平落4宫，被各种行冲相位伤害，父母关系非常糟糕。
水星5宫,正面的时候，在恋爱感情中特别重视沟通，能够及时交换各自的想法，适合从事艺术领域的教师，负面的时候会在恋爱中表达不清，模糊、混沌，造成很多误会，不少人会完全没有恋爱的情商。
水星6宫,工作积极而高效，条理清晰，很适合从事需要清晰逻辑思维的同时还具备很强技能的工作，例如电子行业、编程等等。负面的时候，工作中充满了口角和误会，健康方面也会有呼吸道、手脚方面的疾病，具体还需要配合星座特征和别的相位星体。
水星7宫,会有一位能言善辩的伴侣，或者对方的生活工作都围绕沟通、协作、交通等水星领域的事物，同时自己也比较喜欢协调、咨询、公关类的灵活事物。负面的时候呢，会陷入无止境的婚姻争执，对方表达能力或许就有缺陷，不懂得平衡关系。
水星8宫,正面的时候说话表达的非常谨慎，注重说话时候的隐私保护，也容易经由交通、写作，交流信息等行业获利。负面的话尽量不要接触风险投资，会容易被人忽悠，接触错误的信息。我们可以看一下屏幕上的案例，水星妙旺在双子，在八宫，说话表达都非常灵活且谨慎，从事金融业，是国内知名的金融专家。
水星9宫,掌握外语的能力很强，经常出远门旅行，也是做教师的好位置，负面的时候努力学习，但是收益比较低，在法律诉讼等问题上也容易吃亏。
水星10宫,会经由自己的言论获得大量的关注，在演讲、教育、传媒等方面会有很大的成功机遇。负面的时候祸从口出，说不该说的话，导致名誉受损，同时交通问题颇多。
水星11宫,正面的时候在群体内部的言论影响巨大，一个口号就可以引领一群人，这是一个政治家和社群领袖的好位置，同时也表现为喜欢扎堆聊天的特性。负面的时候容易被一些朋友圈的不实消息所影响，不懂得过滤，信息被彻底淹没而不知道方向。我们可以看屏幕上这个案例啊，南盘水星庙王在11宫特别能说会道，能对群体产生很强的煽动性，对冲了武功的木星也妙旺，桃花多而且混乱。
水星12宫,正面的时候灵感丰富，且可以精确的表达，但是也容易受到情感的影响，负面的时候思维混沌，很容易上当受骗，睡眠质量低。
木星1宫,有的时候会使人很容易发胖，正面的时候会高大强壮，人充满自信，性格外向，乐善好施，不小气，有时候会同时接触太多工作。负面的时候浮夸而自大，像个大气球一样，又膨胀又脆弱，无法被约束。
木星2宫,正面的时候会有非常好的财运，挣钱机会很多，也非常慷慨，愿意在财务方面帮助别人。负面的时候打肿脸充胖子，喜欢夸耀自己并不存在的财礼，铺张浪费。
木星3宫,正面的时候，很大概率会有兄弟姐妹，思维逻辑性都很强，乐于分享知识。负面的时候表达能力欠缺，尤其要注意出行交通问题，部分人会有奇怪的兄弟姐妹缘分。我们可以看屏幕上的案例，木星双子在三宫还逆行，我们说过逆行不一定发凶，但是会以特别的方式呈现。盘主有两个异父异母的弟弟和妹妹，关系却不差。
木星4宫,正面的时候，家庭环境很好，居住环境往往都很宽敞，也代表房敞，祖产丰富。父母装亲也多半宽容慷慨。负面的时候父母家庭有浪费的倾向，还会浮夸，不切实际。
木星5宫,无论正负，都会桃花机会多，子女机会多。正面的时候正桃花多，子女多，乐于享受，也很会享受生活，喜欢艺术。负面的时候，负面桃花多，非正常子女多有浮夸的艺术品味。
木星6宫,正面的时候工作机会会非常多，而且种类跨度丰富，有异国的工作机会。负面的时候工作岗位活多收益少，徒有虚名。健康方面问题也需要注意，虚胖伤害健康，我们可以看屏幕这个例子，木星双鱼庙旺在六宫，没有任何凶相位伤到木星，因此体现正面特质，所以盘主的宫作事物都非常的顺利。
木星7宫,正面的时候，可以激发对方的正面思想，婚姻对象选择多，一生有机会经历多次婚姻，而且质量都不赖。有很不错的合作伙伴，负面的时候婚姻机会依旧是多，但是质量不高，也容易被合伙人拖累。不适合合伙做事，我们可以看这张案例，木星落陷于处女，在七宫这个盘总是遇不到合适的婚姻对象，也十分的挑剔，并且金星也落在处女一起加重了这个挑剔的问题。
木星8宫,正面的时候，在投资事物、合伙财产上有非凡的好运，资金充足的情况下适宜进行大体量的投资，负面的时候非常不适合投资行为，但是自己总抱有侥幸的投机心理。
木星9宫,正面的时候，是高等教育的最佳位置，有机会取得高学历，移民旅居等等。也有很强的宗教缘分。负面的时候，读书考试都很困难，有些人还会过度沉迷于宗教。
木星10宫,正面的时候会有特别好的公共社会形象，是做明星和公共人物最好的位置，也很容易出名，对事业的期望很高。负面的时候会有浮夸的形象，自己还非常乐于这种膨胀的状态。
木星11宫,总是有不断扩大的人际圈子，正面的时候会有很高端国际化的交际圈子，人脉网络可以帮助自己实现很多理想。负面的时候，一大群狐朋狗友消耗自己的能量，无意义的社交充斥生活。我们可以看图上这个案例，盘主木星，天平三分，在11宫没有任何不良香味，身边交往的朋友圈都是世界顶级艺术名校的艺术家。
木星12宫,正面的时候性格慷慨宽容，自身灵性很高。对于灵性事物有很包容的态度，负面的时候容易上当受骗，喜欢惯自己和别人毒鸡汤。
土星1宫,正面的时候呢，处事态度小心谨慎，非常的有毅力，有耐力，可以坚持心里的信念，能吃苦，负面的时候容易自卑，缺乏安全感，对于很多事情都有恐惧心理，容易因为畏难情绪而放弃。
土星2宫,正面的时候生活节俭，但是可以有很稳定的收入，而且非常利于储蓄，很认真的赚钱，挣钱比较难以放松享受自己。负面的时候非常吝啬，赚钱非常困难，内心很害怕失去物质方面的保障，缺乏物质的安全感。我们可以看屏幕上的盘，土星在天平庙旺，在二宫，盘主的收入一直是非常稳定的。是国内知名互联网企业的公职人员，其实这里木星也是妙望的，加强了他的吉性。
土星3宫,正面的时候说话稳重谨慎，思维有深度。但是偏向保守。兄弟姐妹能力强，可靠。负面的时候，思维过于保守，不愿意了解新思想。
土星4宫,在父母那里没有获得充足的安全感，正面的时候，会有稳定而深沉的家庭关系，但是缺乏情绪和放松的机会，会有稳定的房屋资产。负面的时候，父母紧张而小气，对自己有诸多限制，居住环境狭小破旧。
土星5宫,这是一个封闭桃花的位置，很难恋爱，不敢踏出这一步。正面的时候，桃花数量虽少，但是质量还可以。容易遇到年长的桃花，要孩子年纪比较晚。负面的时候极少能有机会恋爱，不想要孩子或者逃避孩子带来的责任。我们来看一下屏幕上的盘。土星虽然妙旺，但是盘主本身恋爱就很不顺利，也流产过孩子。后来31岁才要了后来的孩子。
土星6宫,这是一个在工作领域非常紧张焦虑的位置。正面的时候呢，工作严谨，尊重秩序，尊重制度，对自己的健康呢很重视，负面的时候，工作方面焦虑，没有安全感，又被工作所捆绑，效率偏低，健康问题严重，主要是由压力引起的。
土星7宫,容易找年长的伴侣，正面的时候伴侣会是一个愿意承担责任的人。但是同时也给自己很大的压力，约束的会比较紧，合伙关系也是责任重大，负面的时候伴侣逃避责任成为自己很大的负担，在婚姻关系中限制颇多。
土星8宫,正面的时候能够很好的控制自己的资产，很好的控制投资风险。特别适合长线长期的投资项目，积少成多，靠时间取胜。负面方面不建议进行风险投资，也很难通过婚姻合伙来改善财务状态，需要保持财务的独立性。我们可以看一下屏幕上的例子，土星在摩羯妙旺在八宫盘主有非常成功的投资行为，固定资产超过三千万。
土星9宫,正面的时候，信念和信仰都比较传统保守，对于社会新潮思想不容易接受，读书考试的部分需要付出巨大的努力才能获得想要的结果。负面的时候，会有古怪而奇怪的信仰，读书考试的部分，付出大量的努力，往往都没有满意的结果，不适合移民，远距离旅居等等，生活困苦。
土星10宫,正面的时候，事业坚持而有耐力，容易在中年、晚年取得丰硕的成果，比较追求权利和社会地位。负面的时候，为了追求社会地位和权利而牺牲个人生活情趣。我们可以看到这个案例。土星天蝎是很旺的。盘主在事业上成就很高，是国际著名的投行经理人。
土星11宫,正面的时候朋友圈少而精，不太喜欢社交生活，也不太喜欢群体生活，负面的时候会有很算计的朋友，被不良的人际关系所拖累。
土星12宫,正面的时候非常了解自己的心灵结构，善于隐藏自己的恐惧，而负面的时候呢，容易被负面的情绪所折磨。无法转化为动力。
日月合,"即新月。盘主不在意他人的看法，不愿意受他人影响；或者说，盘主决断，自强，不妥协，目标明确。过渡的话会出现自负和自大。注释：日月合所处的星座对性格影响最强，所处宫位代表人生最重要的方面。“人生动力”、“感情动力”的相合，我求即我要。"
日月冲,"太阳冲月亮，意志与感情的冲突，导致徘徊不定的倾向，婚姻生活可能会紧张和冲突，会体现在自己的婚姻或者父母的婚姻。满月人性格不够坚定，犹豫不决，对他人的态度、感觉高度敏感。正面特质发展会知道如何将一对一的关系服务于自己的目标，避免一根筋思维，负面是过于在乎这些人际关系，忘记本身要做的事情。"
日月刑,"是自我与情感的矛盾，在朝向自己目标努力时受阻，月亮代表的情绪和习惯模式阻碍了自我表达，月亮代表家庭阻碍自我发展。日月阴阳能量的不融洽，导致对异性缺乏了解和相处技巧；或者父母关系的紧张。"
日月三合,人际关系轻松，能承担责任得到认可，能让别人听从自己无需强迫。很自足，心态好，婚姻家庭和谐自如
日月六合,代表平静安逸的生活，婚姻家庭和谐自如，心态平衡积极，能汲取过去教训又不拘泥于过去，坚定又会合适地妥协
日水合,"注重理性头脑，很好的思考者，略微八卦，难以从客观角度审视自己，自己观测点是惟一正解的答案"
日金合,"有艺术天分，多情的性格，注重外表，好友善交。愿意分享和给予，能接受别人，善于妥协。极重视和谐的人际关系。这一组合喜欢自在人生，避免劳苦之事，这点上显得比较消极。"
日火合,"体现很强的个性，精力胆识过人。常体现出力量、勇气、毅力、竞争、热情等特质。但容易忽视自己控制欲强、不愿妥协的特点。"
日火三合,体现很强的个性，精力胆识过人。常体现出力量、勇气、毅力、竞争、热情等特质。
日火六合,体现很强的个性，精力胆识过人。常体现出力量、勇气、毅力、竞争、热情等特质。
日火冲,"体现很强的个性，精力胆识过人。有无拘无束和冒险的欲望，但有鲁莽、冲动倾向，有叛逆心理，容易制造麻烦；如果往好的地方发展，原本狂热的探险冲动会转变为鉴定的求索精神，有助于成功。"
日火刑,"行为模式上有些任性和冲动，为了达到目标不懈努力，以证明能力和勇气，但是可能缺乏耐心和远见。能量的发挥方式常常是爆发式的。需要注意避免自我中心的倾向，也需要培养处世技巧，不要太过自我表现。"
日木合,"极为自信，乐观，有言过其实的倾向。有领导才能，正义感强，深得众人信任和欣赏，具有更高角度看待事物的能力，面向未来的梦想家，失败后能很快重整旗鼓。寻求拓宽自己的视野和生活范畴，面相宏达、崇高的目标，对小细节和阻碍不在意。"
日木三合,做事幸运，一切都安排好的感觉
日木六合,胸怀宽广，乐观，自足，做事幸运，有能力解决任何困难，仿佛一切都已安排好了
日木冲,"自我膨胀，喜好夸示，待人方面可能表现出施恩于人的样子，以及温情式家长作风，容易导致别人的反感。日木冲的相位导致过于乐观，生活上有些奢侈浪费，需要控制好大喜功的冲动，避免夸示的举止。"
日木刑,"日木刑相位会导致自我膨胀，喜好夸示，待人方面可能表现出施恩于人的样子，以及温情式家长作风，容易导致别人的反感。同时该相位会使人过高估计自己的能力，对别人期望也过高，可能不切实际地急于承担太多，显得鲁莽，要防止盲目乐观和过分慷慨，控制自己的表现欲。"
日土合,"日土合相常表现为自我否定、自我牺牲、自制自律等，同时太阳代表父亲，也意味着早年受到父亲的忽视和限制，又或者在纪律的约束之中成长，抑制了自己的本性，补偿心理使盘主通过期望功名和地位使自己得到认可，但同时又缺乏足够的信心，对别人的肯定有很强的依赖心理，这是个性上的弱点，由于挫折太多 他们会缺乏自信和安全感，可能会有悲观自贬的倾向。好的方面是内在的力量比较强，自制力、毅力和经验，而且工作辛苦、勤奋，组织能力强、遵循规矩。"
日土冲,"日土合相常表现为自我否定、自我牺牲、自制自律等，同时太阳代表父亲，也意味着早年受到父亲的忽视和限制，又或者在纪律的约束之中成长，抑制了自己的本性，补偿心理使盘主通过期望功名和地位使自己得到认可，但同时又缺乏足够的信心，对别人的肯定有很强的依赖心理，这是个性上的弱点，由于挫折太多 他们会缺乏自信和安全感，可能会有悲观自贬的倾向。好的方面是内在的力量比较强，自制力、毅力和经验，而且工作辛苦、勤奋，组织能力强、遵循规矩。"
日土刑,"日土合相常表现为自我否定、自我牺牲、自制自律等，同时太阳代表父亲，也意味着早年受到父亲的忽视和限制，又或者在纪律的约束之中成长，抑制了自己的本性，补偿心理使盘主通过期望功名和地位使自己得到认可，但同时又缺乏足够的信心，对别人的肯定有很强的依赖心理，这是个性上的弱点，由于挫折太多 他们会缺乏自信和安全感，可能会有悲观自贬的倾向。好的方面是内在的力量比较强，自制力、毅力和经验，而且工作辛苦、勤奋，组织能力强、遵循规矩。"
日土三合,"盘主处事谨慎，把目标设定在仔细界定的框架之内，沉稳，实际，经得起时间的考验，由此奠定了自己的自信。三合使得承担和处理责任变得轻松，知道如何应对问题，利用机会，无论形势如何都能够稳定，认定正确的事情绝不回头。"
日土六合,"盘主处事谨慎，把目标设定在仔细界定的框架之内，沉稳，实际，经得起时间的考验，由此奠定了自己的自信六合意味着对事物理解的深度和对自我评价的谦逊态度，清楚自己的局限，能最大的发挥潜能 "
日天刑,有创造性的思维，但是可能由于不切实际，不愿意循规蹈矩，对于人生中需要的改变，多倾向采取激进的路线，使情绪紧张，可能会做出不够理性的反应
日天合,太阳天王星合相，有概率导致性情古怪，举止怪异，特立独行，显得与周围格格不入，感情用事难以捉摸；有的时候也会带来不可靠的婚姻和生活的碰壁，这种人也会强烈的寻求突破传统，寻求自由，不愿意接受日常规范的约束，这种叛逆心理早期是针对父亲，后来发展到传统观念别人的指导，权威的建议等
日天冲,太阳天王星冲，有概率导致性情古怪，举止怪异，特立独行，显得与周围格格不入，感情用事难以捉摸；有的时候也会带来不可靠的婚姻和生活的碰壁，这种人也会强烈的寻求突破传统，寻求自由，不愿意接受日常规范的约束，这种叛逆心理早期是针对父亲，后来发展到传统观念别人的指导，权威的建议等
日天三合,日天三合带来的直觉，创造力，独立性，标新立异等都令人瞩目；能够理解别人，对于自己的长处和短处看得很清楚，既有自己的见解，又能听进别人的想法，有人格魅力和统观全局的能力
日天六合,日天六合带来思维和自我表达都比较顺畅、自然，人生态度积极，头脑聪明
日海合,"太阳与海王星的所有主要相位，对于需要灵感的艺术，音乐创作等都有利。硬相位会使人行事依靠直觉，分不清事实和想象，容易被人欺骗，或者自欺欺人，与现实脱节，也不愿意坦白自己的动机。海王星使太阳所代表的自我变得模糊，自我与别人的边界没有精确的定义，由于缺乏边界的概念，日子过得混混沌沌"
日海刑,你可能经常会为了感情、宗教及人与人之间的关系感到困惑。对人的看法常会有所扭曲，过去的经验会产生情绪上的困扰，因而对人产生偏见。要尽可能以客观的态度来面对人。你应该非常重视情绪，因此全透过想象力把与人之间的关系美化。这种顷向，会使得容易受骗。又因为想象本身就不可靠，也会在无意中欺骗了人，并且你对爱情也充满想象
日海冲,你可能经常会为了感情、宗教及人与人之间的关系感到困惑。对人的看法常会有所扭曲，过去的经验会产生情绪上的困扰，因而对人产生偏见。要尽可能以客观的态度来面对人。你应该非常重视情绪，因此全透过想象力把与人之间的关系美化。这种顷向，会使得容易受骗。又因为想象本身就不可靠，也会在无意中欺骗了人，并且你对爱情也充满想象
日海三合,太阳与海王星的三合的人吸收、领悟能力都很强，有出色的直觉和对美的鉴赏力，待人宽容。
日海六合,六分相位代表了创新思维的潜力，盘主的敏感性以一种积极的建设性的形式表达出来，理解自己的社会责任，并愿意承担，兴趣广泛人际关系良好
日冥合,"冥王星的特点之一是隐藏，与太阳的主要相位代表了对自我的隐藏，特别需要别人尊重自己的隐私。日冥合或硬相位的人，通常父亲是比较专横压迫性的，在潜意识中，这个父亲的角色非常强。太阳合冥王星具有极端主义倾向，爱憎分明，难以中庸，意志力坚强，果断坚决；但是要注意避免独裁。需要整合自己的光明面和阴暗面，不要以牺牲其中一面为代价。"
日冥冲,"冥王星的特点之一是隐藏，与太阳的主要相位代表了对自我的隐藏，特别需要别人尊重自己的隐私。日冥合或硬相位的人，通常父亲是比较专横压迫性的，在潜意识中，这个父亲的角色非常强。太阳冲冥王星，代表了过重的防范心理和内心焦虑，总是对周围的人和环境存在不满，因而与人相处有障碍。"
日冥刑,"冥王星的特点之一是隐藏，与太阳的主要相位代表了对自我的隐藏，特别需要别人尊重自己的隐私。日冥合或硬相位的人，通常父亲是比较专横压迫性的，在潜意识中，这个父亲的角色非常强。太阳刑克冥王星，对权力和控制存在野心，有管理控制执行的能力，但对于亲密的关系持戒备的态度，要学会妥协，学会理解和接受别人的自我。"
日冥三合,"冥王星的特点之一是隐藏，与太阳的主要相位代表了对自我的隐藏，特别需要别人尊重自己的隐私。三合相位，非常专注、有毅力，能够充分调动自己的天分和资源有领导能力，不过有三合相位的人更愿意专心于个人事物，感觉敏锐能够洞穿别人的行为动机"
日冥六合,"冥王星的特点之一是隐藏，与太阳的主要相位代表了对自我的隐藏，特别需要别人尊重自己的隐私。六合呢，代表了个人意志和深度的自我认知，不断的自我反省和提高，有能力达成自己的目标，也有领导力，能与众人顺畅的沟通并赢得他们的信赖 "
月水合,比较健谈，有一种富于同情心，能理解别人，态度亲切的沟通形式，所以人缘很好。记忆力也非常好，善于接受和领悟，有自己的见地，适应性强。
月水冲,月水冲是一个情绪不稳定的相位，可以说是很难相处的一类人，有时候举棋不定表达不清
月水刑,月水冲是一个情绪不稳定的相位，可以说是很难相处的一类人，有时候举棋不定表达不清
月水三合,人头脑精明，常识丰富，记忆力强，自我表达有逻辑，而且令人愉快，对于人际沟通，特别是处理家务事特别有利
月水六合,盘主理性和感情的同步表达良好，简洁有效，有商业潜质，与人沟通得心应手，敏感体贴，能够关注别人的感受和想法
月金合,是一种极有合作精神的性格，热爱和平，温文尔雅，言辞委婉。对负面特质：则会过于敏感，容易受伤，具有这个相位的人不愿意批评他人，自己也很怕受到批评。
月金刑,"情感不稳定，注重感官享受，有自我放纵的倾向；在与人交往方面，有时候会害怕责任或拒绝等因素，不愿意承认或表达自己的感情。对于女性来说：会缺乏女性的柔美、理解。对于男性来说：意味着妻子的不整洁，家庭生活的不美满，而且大概率会出现二女争一男的情况，比如可能是婆媳关系恶劣或者涉及婚外情，妻子与情人斗法等等，当双方都落陷的时候，就是世界末日了。"
月金冲,"情感不稳定，注重感官享受，有自我放纵的倾向；在与人交往方面，有时候会害怕责任或拒绝等因素，不愿意承认或表达自己的感情。对于女性来说：会缺乏女性的柔美、理解。对于男性来说：意味着妻子的不整洁，家庭生活的不美满，而且大概率会出现二女争一男的情况，比如可能是婆媳关系恶劣或者涉及婚外情，妻子与情人斗法等等，当双方都落陷的时候，就是世界末日了。"
月金三合,性情温和、乐观，富有情调，并且有艺术的美感和想象力，对人友善、厌恶粗鲁和庸俗，同时对异性有很大的吸引力，有比较好的社会关系。在男性星盘上：由于金星代表了我喜欢的类型，月亮代表了陪伴我的类型，因此，金月软相位代表了婚姻恋爱方面还比较顺畅美满。
月金六合,性情温和、乐观，富有情调，并且有艺术的美感和想象力，对人友善、厌恶粗鲁和庸俗，同时对异性有很大的吸引力，有比较好的社会关系。在男性星盘上：由于金星代表了我喜欢的类型，月亮代表了陪伴我的类型，因此，金月软相位代表了婚姻恋爱方面还比较顺畅美满。
月火合,母亲的脾气不会太好，大概率是个急性子；对于男性来说 婆媳关系也是个挑战
月火冲,母亲或自己会情绪冲动，情感强烈，对限制自己欲望和需求的约束、规范心怀不满，对人严厉情绪，易怒不会妥协，喜欢独断，喜欢为了小事而争执
月火刑,母亲或自己会情绪冲动，情感强烈，对限制自己欲望和需求的约束、规范心怀不满，对人严厉情绪，易怒不会妥协，喜欢独断，喜欢为了小事而争执
月火三合,能理智的控制愤怒，能够照顾别人的感觉，能有效控制自己强烈的感情；同时赋予一个人活跃的感情，体现积极坚定、果敢的一面，毅力也很好，能够克服常人会屈服的困难，也能赢得他人的信任。
月火六合,能理智的控制愤怒，能够照顾别人的感觉，能有效控制自己强烈的感情；同时赋予一个人活跃的感情，体现积极坚定、果敢的一面，毅力也很好，能够克服常人会屈服的困难，也能赢得他人的信任。
月木合,是很好相处的一类人，有慷慨，洒脱的特性，对什么事都比较放松、不拧巴。如果双双落陷则需要注意落线的木星 去放大了落线的月亮的特点
月木刑,缺乏推理能力和远见，喜欢夸耀和展示，过于铺张浪费，有侥幸心理，会信赖一些不适当的人，有放纵自己或者放纵他人的倾向，慷慨但是缺乏原则，也意味着不够谦虚。
月木冲,缺乏推理能力和远见，喜欢夸耀和展示，过于铺张浪费，有侥幸心理，会信赖一些不适当的人，有放纵自己或者放纵他人的倾向，慷慨但是缺乏原则，也意味着不够谦虚。
月木三合,具有宽厚、乐观诚实正直慷慨仁爱的品质。人际关系很不错，自信和热情的天性能激发别人的乐观情绪，能在多方面取得成功。
月木六合,具有宽厚、乐观诚实正直慷慨仁爱的品质。人际关系很不错，自信和热情的天性能激发别人的乐观情绪，能在多方面取得成功。
月土合,有内在保护心里，会压抑自己的情感需求。比较谨慎、失落 容易怀疑自我价值，常常看到事物的阴暗面，可能比较早熟。
月土冲,会有抑郁，悲伤、压抑的心态，行为上死板生硬，也不善于关注别人的感觉。
月土刑,经常表现出较为严肃的一面，有强烈的进取心，年轻时对情绪的控制较差，带来很多麻烦，但是成熟起来以后，能够逐渐克服 ，并从错误中吸取教训。
月土三合,对生活持有一种精明、严肃自律的态度，能够为目标投入持续的努力和耐心，有责任感，为人也比较可靠
月土六合,对生活持有一种精明、严肃自律的态度，能够为目标投入持续的努力和耐心，有责任感，为人也比较可靠
月天合,会造成母亲或者本人的情绪起伏非常大，不受控制，同样可能造成母亲的婚姻不顺，父母分居等，具体需要配合宫位。原生家庭的不稳定，导致你的感情都比较独立，不愿意接受家庭羁绊，永远向前，乐于改变，对正统观点、陈规惯例有叛逆心理
月天刑,情感上难以得到持续的依靠和安全感，倾向于过早体验情感的独立，性格较为倔强，感情方面冲突较多，有些追求标新立异，追求刺激、新鲜的事物。
月天三合,优越的原创力和独立性，好奇心很强，喜欢探索本质，对新生事物兴趣浓厚；可能对于传统的家庭氛围感到窒息，可能婚外恋（具体还要配合宫位）
月天六合,优越的原创力和独立性，好奇心很强，喜欢探索本质，对新生事物兴趣浓厚；可能对于传统的家庭氛围感到窒息，可能婚外恋（具体还要配合宫位）
月海合,你可能有一个迷迷糊糊的母亲
月海刑,容易逃避责任，不愿意承担家庭和工作的责任，行动受感情因素影响很大
月海冲,容易逃避责任，不愿意承担家庭和工作的责任，行动受感情因素影响很大
月海三合,有卓越的创造力，特别是在表演和音乐方面，有最佳的想象力，能直觉的感受他人的心意，敏锐而异常准确
月海六合,有卓越的创造力，特别是在表演和音乐方面，有最佳的想象力，能直觉的感受他人的心意，敏锐而异常准确
月冥合,情绪上走极端，自己或母亲也会体现出惊人意志力，难以轻易消除愤怒，怀疑嫉妒等负面情绪，也容易压抑自己的情感。
月冥冲,情绪强烈，易于被微小的事情激怒，个性上则极度敏感，情感强烈，嫉妒心强，可能会以激烈的方式来解决某些问题
月冥三合,强化了对情感的控制力
月冥六合,强化了对情感的控制力
水金合,睿智和优雅，喜欢谈论和思考：美、价值、感情的话题，懂如何赚钱，能够有技巧的表达自己的观点，不会轻易的冒犯别人，但可能不习惯直接应付竞争，以及复杂的、需要长时间投入的事情。小概率体现出拒绝深入的分析的特质，因此有时候显得不够成熟，流于表面。
水金六合,睿智和优雅，喜欢谈论和思考：美、价值、感情的话题，懂如何赚钱，能够有技巧的表达自己的观点，不会轻易的冒犯别人，但可能不习惯直接应付竞争，以及复杂的、需要长时间投入的事情。小概率体现出拒绝深入的分析的特质，因此有时候显得不够成熟，流于表面。
水火合,【正面】有积极活跃的头脑，求知欲旺盛，创造力丰富。【负面】缺乏耐心，喜欢争辩，但懒于组织言辞，常打断别人的讲话，且不愿意承认错误，希望任何事情都直截了当，缺乏优雅和含蓄，这是优点也是缺点。
水火刑,有概率成为把别人的意见当做挑战，随时可能吵架的人；水火难以调和，需要给别人机会懂得认错，也需要在表达自己的见解时采取更优雅的方式。
水火冲,有概率成为把别人的意见当做挑战，随时可能吵架的人，需要认识到相互理解、妥协的重要性。
水火三合,能够很好的结合主动性和合作性，不会因为对成功的渴望而焦躁，思维比较有深度，能够在重要的事情上集中精力，参与讨论能够有礼有节，能敏锐的发现对手的缺点，并加以反驳，对律师、公关、经纪、管理等身份来说，这一和谐相位有利于成功的斗争，他们有耐心，可以按部就班的发挥自己的口才和能量。
水火六合,能够很好的结合主动性和合作性，不会因为对成功的渴望而焦躁，思维比较有深度，能够在重要的事情上集中精力，参与讨论能够有礼有节，能敏锐的发现对手的缺点，并加以反驳，对律师、公关、经纪、管理等职业来说，这一和谐相位有利于成功的斗争，他们有耐心，可以按部就班的发挥自己的口才和能量。
水木合,【正面】旺盛的求知欲，优秀的推理能力，和积极的沟通态度；擅长思维的拓展，喜欢宏伟的设想，喜欢从更宽的角度看待问题，但是经常并行做事，难以全神贯注于某一项。【负面】可能意味着夸夸其谈，泛泛而论，他们能抓住事物的重点，但不重视细节，给人以粗心，潦草的感觉。
水木刑,有时候会出现自吹自擂，没有条理，词不达意，显得缺乏诚意的情况。虽然知识面可能会比较广，但很难深入一个主题去钻；有时候还容易误解别人意思，以偏概全；或者容易由于粗心而导致大问题发生。
水木冲,有时候会出现自吹自擂，没有条理，词不达意，显得缺乏诚意的情况。虽然知识面可能会比较广，但很难深入一个主题曲钻；有时候还容易误解别人意思，以偏概全；或者容易由于粗心而导致大问题发生。
水木三合,特别有利于学习，水星掌管学习本身，木星则代表了考试文凭等实际能取得的证书offer等，这个星象有利于有见地的谈吐，使人生动活泼，热情洋溢；你兴趣广泛，喜欢憧憬未来和遥远的地方，习惯看到事情的光明面，性格轻松，随和有幽默感，能够得到很多人的信任和喜爱。
水木六合,特别有利于学习，水星掌管学习本身，木星则代表了考试文凭等实际能取得的证书offer等，这个星象有利于有见地的谈吐，使人生动活泼，热情洋溢；你兴趣广泛，喜欢憧憬未来和远方，比较正能量，习惯看到事情的光明面，性格轻松，随和有幽默感，能够得到很多人的信任和喜爱。
水土合,【正面】给人一个严肃认真，专心致志的专业人员形象，能处理细节和繁琐问题，逻辑思维性强，不会在肤浅和无关的事情上浪费时间。【负面】有时候对自己的表达缺乏自信，容易有点悲观主义，想的多而说的少，但如果才智，能够得到应用和认可，可做出大的成绩。土星有助于清除纷繁的思绪，集中精神与明晰的思考。
水土刑,给人不苟言笑的形象，可能演变成对自己言谈的担心，担心自己的话，别人没有兴趣听，担心自己说话的方式不对，担心自己不够幽默等等，担心就是土星的特征，使沟通有障碍。
水土冲,给人不苟言笑的形象，可能演变成对自己言谈的担心，担心自己的话，别人没有兴趣听，担心自己说话的方式不对，担心自己不够幽默等等，担心就是土星的特征，使沟通有障碍。
水土三合,给人严谨有条理，精确深刻的思维表现，也有言简意赅的表达特点；具有发达的理性头脑，而感性则有所欠缺，土星是效率和功能的星体，在水星的协助下，具有组织管理的才能，讲话认真，也期望别人认真的对待你的话；凡事先考虑最差的情况，比较在意负面的评价，分析的方式带有批判性。
水土六合,给人严谨有条理，精确深刻的思维表现，也有言简意赅的表达特点；具有发达的理性头脑，而感性则有所欠缺，土星是效率和功能的星体，在水星的协助下，具有组织管理的才能，讲话认真，也期望别人认真的对待你的话；凡事先考虑最差的情况，比较在意负面的评价，分析的方式带有批判性。
水天合,水星和天王星都与思维智力有关的星体，语言会成为表现天王星特征的载体。激进反叛的言辞，独特的沟通方式，坦率的态度等，展示正面特征的时候，会不在意别人的看法或者传统的观念，而消极的意义上，他们会太执着于自己的念头。
水天三合,一些人特别的敏锐，善于发现生活中非常特别的领域和特点，会有源源不断的奇怪想法，并且鼓励别人的自由思维，自由言论，会尊重每一个人自己的思想。
水天六合,一些人特别的敏锐，善于发现生活中非常特别的领域和特点，会有源源不断的奇怪想法，并且鼓励别人的自由思维，自由言论，会尊重每一个人自己的思想。
水天刑,固执、执着于某一个信念，不愿意为了取悦别人而圆滑自己的用词，虽然这可能使得盘主具有革命性，但是也常指责社会和传统，问题不在于观念的极端性，而在于说话方式的坦率，甚至是粗鲁，同时思维的火花和创意难以形成一套连贯的思路，不会真的有利于创造，是为了特立独行而特立独行。
水天冲,固执、执着于某一个信念，不愿意为了取悦别人而圆滑自己的用词，虽然这可能使得盘主具有革命性，但是也常指责社会和传统，问题不在于观念的极端性，而在于说话方式的坦率，甚至是粗鲁，同时思维的火花和创意难以形成一套连贯的思路，不会真的有利于创造，是为了特立独行而特立独行。
水海合,表达能力和幻想能力，可以说两者都是柔和而多变的，如同橡皮泥一样可以捏成任何形状，显示正面特点的时候，突出了直觉和想象力，有利于在音乐艺术影视领域达到过人的深度和高度，所有的艺术都符合这种充满想象力的操作路径，而他展现负面特质的时候就非常的危险，更容易产生骗子和自欺欺人的状态。
水海刑,可能表现为习惯性的说谎，喜欢谈论别人的是非，过度的想象，干扰了理性逻辑的思维过程，还有可能是对感情生活责任的回避，唯一可供他们发挥的领域，可能只有艺术音乐，影视这些领域了。
水海冲,可能表现为习惯性的说谎，喜欢谈论别人的是非，过度的想象，干扰了理性逻辑的思维过程，还有可能是对感情生活责任的回避，唯一可供他们发挥的领域，可能只有艺术音乐，影视这些领域了。
水海三合,对表达自己的想法，很有技巧，善于组织言辞，能理解一般人的动机模式，能够有效的抓住别人的注意力，进而影响别人，仿佛能够进入别人的思维，这对于心理学和传播学都非常有利，也有利于塑造自己的性格和人生经历，容易适应环境，可以在很多领域获得成功。
水海六合,对表达自己的想法，很有技巧，善于组织言辞，能理解一般人的动机模式，能够有效的抓住别人的注意力，进而影响别人，仿佛能够进入别人的思维，这对于心理学和传播学都非常有利，也有利于塑造自己的性格和人生经历，容易适应环境，可以在很多领域获得成功。
水冥合,有刨根问底的特性，内在的动机，是对事物的隐秘部分的强烈兴趣，而且也有天分发现别人的秘密，不易为表象所欺骗，而且领悟能力非常强，喜欢探究事物的深层机制，但是负面特质是可能有强烈的沟通意愿，相信语言的力量，可以把语言文字变成武器，所以呢，不愿在言谈上服输，会采取激烈的表达方式，不顾一切的压倒对方。
水冥刑,可能会难以表达自己的思想，以及无法守护自己的秘密，他们对于人性的缺点难以容忍，并且时刻对别人的动机和目的都持有怀疑态度，而对自己的动机和目的则遮遮掩掩，持有一种带有悲观主义色彩的世界观，很多情况下，把自己的阴暗面投射到别人的身上，容易过度的猜忌别人，做事花太多的心思构思设计。
水冥冲,可能会难以表达自己的思想，以及无法守护自己的秘密，他们对于人性的缺点难以容忍，并且时刻对别人的动机和目的都持有怀疑态度，而对自己的动机和目的则遮遮掩掩，持有一种带有悲观主义色彩的世界观，很多情况下，把自己的阴暗面投射到别人的身上，容易过度的猜忌别人，做事花太多的心思构思设计。
水冥三合,盘主精神集中意志坚定，喜欢竞争并能够肩负沉重的责任，对自己所做的事会全身心的投入，能够看穿别人面具下的动机，发现别人的潜力，很重视人际交往中的真诚个性，有时候会像个极权独裁的领导者。
水冥六合,有很强的分析能力和理解能力，很重视人际交往中的真诚个性。